Column,Count Non-Null,Count Finite,Mean,Median,Std,Variance,Min,P5,Q1 (25%),Q3 (75%),P95,Max,IQR,Skewness,Kurtosis (excess),Outlier Count (IQR),Outlier %,Infinite Count,Highly Skewed,Heavy Tailed,Q1,Q3,Kurtosis
SDI,50881,50881,-1.337561552007739e+32,0.0,2.1334001925572395e+34,4.5513963816032665e+68,-3.4028234663852885e+36,0.0,0.0,0.11,0.75,2.82,0.11,-159.496081,25437.999843,4749,9.3335,0,True,True,,,
pr_5D_min,50881,50881,0.005354,0.0,0.20923,0.043777,0.0,0.0,0.0,0.0,0.0,34.6,0.0,106.255962,15499.434082,161,0.3164,0,True,True,,,
FRG,50881,50881,15.700733,3.0,59.358685,3523.453539,-9999.0,1.0,1.0,4.0,133.0,133.0,3.0,-93.625661,15924.971375,5265,10.3477,0,True,True,,,
FIRE_SIZE,50881,50881,102.8205,0.1,3181.436145,10121535.947832,0.01,0.01,0.1,1.0,12.0,410203.0,0.9,74.969478,7585.322427,4591,9.023,0,True,True,,,
EPL_MINRTY,50837,50837,0.225961,0.5762,18.807123,353.70789,-999.0,0.2406,0.384,0.7767,0.92674,0.9968,0.3927,-53.105818,2818.744629,18,0.0354,0,True,True,,,
EPL_MUNIT,50837,50837,-0.04809,0.2956,18.802498,353.533927,-999.0,0.0,0.0,0.4743,0.8114,0.9988,0.4743,-53.101301,2818.424909,18,0.0354,0,True,True,,,
EPL_CROWD,50837,50837,0.30804,0.73,18.809319,353.790477,-999.0,0.0,0.4997,0.8915,0.9775,0.9999,0.3918,-53.100306,2818.354202,18,0.0354,0,True,True,,,
EPL_LIMENG,50837,50837,0.253811,0.6561,18.808433,353.757169,-999.0,0.0,0.3962,0.8521,0.9733,0.9999,0.4559,-53.099159,2818.273035,18,0.0354,0,True,True,,,
EPL_SNGPNT,50837,50837,0.096086,0.4085,18.805554,353.648864,-999.0,0.0426,0.1944,0.7078,0.9245,0.9999,0.5134,-53.098398,2818.219396,18,0.0354,0,True,True,,,
EPL_GROUPQ,50837,50837,0.196931,0.6214,18.807854,353.735368,-999.0,0.0,0.4084,0.7919,0.9577,0.9976,0.3835,-53.094998,2817.978407,18,0.0354,0,True,True,,,
EPL_AGE65,50837,50837,0.220288,0.6334,18.808305,353.75235,-999.0,0.0678,0.2657,0.8798,0.9671,0.9999,0.6141,-53.094896,2817.97133,18,0.0354,0,True,True,,,
EPL_AGE17,50837,50837,0.131438,0.4336,18.806634,353.689478,-999.0,0.058,0.1947,0.803,0.9629,1.0,0.6083,-53.094886,2817.970746,18,0.0354,0,True,True,,,
EPL_NOHSDP,50837,50837,0.200323,0.5738,19.322879,373.373635,-999.0,0.0996,0.3459,0.8357,0.9852,0.9999,0.4898,-51.682246,2669.738245,19,0.0374,0,True,True,,,
RPL_THEME3,50837,50837,0.154347,0.6337,21.25889,451.940422,-999.0,0.1677,0.3972,0.8331,0.9673,0.9999,0.4359,-46.973113,2204.880904,23,0.0452,0,True,True,,,
EPL_PCI,47165,47165,0.028476,0.5125,22.068717,487.028269,-999.0,0.0681,0.2918,0.7614,0.9543,0.9999,0.4696,-45.24158,2045.215007,23,0.0488,0,True,True,,,
EPL_POV,50837,50837,0.071689,0.5829,22.162357,491.170071,-999.0,0.1185,0.369,0.7704,0.9396,0.9998,0.4014,-45.053409,2028.153179,25,0.0492,0,True,True,,,
EPL_DISABL,50837,50837,0.024722,0.6027,23.454198,550.099407,-999.0,0.0875,0.3446,0.8322,0.9574,0.9999,0.4876,-42.566747,1810.261604,28,0.0551,0,True,True,,,
EPL_UNEMP,50837,50837,0.073302,0.7263,24.2787,589.455264,-999.0,0.1372,0.4859,0.8842,0.9697,1.0,0.3983,-41.122786,1689.34464,30,0.059,0,True,True,,,
EPL_MOBILE,50837,50837,0.06351,0.7668,24.680388,609.121549,-999.0,0.0,0.6034,0.8712,0.9776,0.9999,0.2678,-40.451116,1634.593082,31,0.061,0,True,True,,,
RPL_THEME2,50837,50837,-0.100665,0.5697,25.459867,648.204822,-999.0,0.09938,0.355,0.7608,0.923,0.9998,0.4058,-39.206328,1535.353549,33,0.0649,0,True,True,,,
EPL_NOVEH,50837,50837,-0.276999,0.369,25.838227,667.613972,-999.0,0.0334,0.1931,0.5795,0.806,0.9996,0.3864,-38.625258,1490.097357,34,0.0669,0,True,True,,,
RPL_THEME1,50837,50837,-0.152575,0.6151,27.3204,746.404257,-999.0,0.1318,0.4043,0.8207,0.97,0.9999,0.4164,-36.531313,1332.708927,38,0.0747,0,True,True,,,
RPL_THEME4,50837,50837,-0.167146,0.6245,27.677325,766.03434,-999.0,0.1488,0.415,0.815,0.9511,1.0,0.4,-36.0592,1298.425269,39,0.0767,0,True,True,,,
RPL_THEMES,50837,50837,-0.189624,0.6372,28.378027,805.312423,-999.0,0.162,0.4245,0.8476,0.9713,1.0,0.4231,-35.16671,1234.847275,41,0.0806,0,True,True,,,
GHM,50881,50881,-3.544538112820509e+35,0.45,1.0976844048721093e+37,1.2049110526994369e+74,-3.402823466385289e+38,0.03,0.25,0.71,0.92,0.99,0.46,-30.93665,955.113884,53,0.1042,0,True,True,,,
GDP,50878,50878,55600.151516,55768.438,1385.912165,1920752.529903,15790.716,54876.344,55768.438,55768.438,55768.438,55768.438,0.0,-26.119334,735.751297,6588,12.9486,0,True,True,,,
Population,50881,50881,-292.613221,0.1263,5439.815496,29591592.635248,-99999.0,0.0,0.0,2.1708,24.021,396.4778,2.1708,-18.275088,331.993264,7324,14.3944,0,True,True,,,
LPMHVLI,50879,50879,0.003322,0.0,0.057538,0.003311,0.0,0.0,0.0,0.0,0.0,1.0,0.0,17.264996,296.091719,169,0.3322,0,True,True,,,
LPP_ET,50879,50879,0.004579,0.0,0.067517,0.004559,0.0,0.0,0.0,0.0,0.0,1.0,0.0,14.675902,213.390495,233,0.4579,0,True,True,,,
pr,50881,50881,0.514471,0.0,3.133712,9.82015,0.0,0.0,0.0,0.0,2.3,132.400009,0.0,14.171239,312.642758,4814,9.4613,0,True,True,,,
DPMLI,50879,50879,0.005719,0.0,0.075411,0.005687,0.0,0.0,0.0,0.0,0.0,1.0,0.0,13.109455,169.864487,291,0.5719,0,True,True,,,
GACC_Area Command Teams,50781,50781,0.008724,0.0,0.09673,0.009357,0.0,0.0,0.0,0.0,0.0,2.0,0.0,11.717864,149.072082,425,0.8369,0,True,True,,,
CA_LT20,50879,50879,0.991961,1.0,0.089298,0.007974,0.0,1.0,1.0,1.0,1.0,1.0,0.0,-11.018793,119.41849,409,0.8039,0,True,True,,,
HWLI,50879,50879,0.010279,0.0,0.100865,0.010174,0.0,0.0,0.0,0.0,0.0,1.0,0.0,9.710764,92.302557,523,1.0279,0,True,True,,,
DS_ET,50879,50879,0.010869,0.0,0.103687,0.010751,0.0,0.0,0.0,0.0,0.0,1.0,0.0,9.435129,87.025083,553,1.0869,0,True,True,,,
pr_5D_mean,50881,50881,0.461649,0.0,1.838949,3.381733,0.0,0.0,0.0,0.0,2.54,54.14,0.0,8.932783,120.854139,11707,23.0086,0,True,True,,,
GACC_New LF,50781,50781,1.63382,0.0,4.644422,21.570655,0.0,0.0,0.0,1.0,8.0,79.0,1.0,8.029531,94.85537,3530,6.9514,0,True,True,,,
M_WTR,50879,50879,0.015134,0.0,0.122087,0.014905,0.0,0.0,0.0,0.0,0.0,1.0,0.0,7.943281,61.098112,770,1.5134,0,True,True,,,
WDLI,50879,50879,0.015134,0.0,0.122087,0.014905,0.0,0.0,0.0,0.0,0.0,1.0,0.0,7.943281,61.098112,770,1.5134,0,True,True,,,
EPLRLI,50879,50879,0.015193,0.0,0.122321,0.014962,0.0,0.0,0.0,0.0,0.0,1.0,0.0,7.927125,60.841705,773,1.5193,0,True,True,,,
pr_5D_max,50881,50881,1.640626,0.0,5.879351,34.566773,0.0,0.0,0.0,0.0,9.6,132.4,0.0,7.236939,76.705537,11707,23.0086,0,True,True,,,
CA,50856,50856,0.063461,0.06,0.043865,0.001924,0.0,0.02,0.04,0.08,0.12,0.99,0.04,6.885276,101.496811,357,0.702,0,True,True,,,
NCA,50856,50856,0.926618,0.93,0.043974,0.001934,0.0,0.87,0.91,0.95,0.97,1.0,0.04,-6.826467,100.532092,386,0.759,0,True,True,,,
TPLI,50879,50879,0.024195,0.0,0.153655,0.02361,0.0,0.0,0.0,0.0,0.0,1.0,0.0,6.193423,36.359923,1231,2.4195,0,True,True,,,
M_TRN,50879,50879,0.026219,0.0,0.159788,0.025532,0.0,0.0,0.0,0.0,0.0,1.0,0.0,5.930361,33.170483,1334,2.6219,0,True,True,,,
LLELI,50879,50879,0.027831,0.0,0.164489,0.027057,0.0,0.0,0.0,0.0,0.0,1.0,0.0,5.74126,30.963285,1416,2.7831,0,True,True,,,
TSDF_ET,50879,50879,0.028086,0.0,0.165221,0.027298,0.0,0.0,0.0,0.0,0.0,1.0,0.0,5.712744,30.636645,1429,2.8086,0,True,True,,,
SFLI,50879,50879,0.029069,0.0,0.168002,0.028225,0.0,0.0,0.0,0.0,0.0,1.0,0.0,5.606491,29.433896,1479,2.9069,0,True,True,,,
GACC_NIMO Teams,50781,50781,0.035368,0.0,0.189757,0.036008,0.0,0.0,0.0,0.0,0.0,3.0,0.0,5.527382,32.892658,1753,3.4521,0,True,True,,,
DLI,50879,50879,0.031899,0.0,0.175733,0.030882,0.0,0.0,0.0,0.0,0.0,1.0,0.0,5.327604,26.384398,1623,3.1899,0,True,True,,,
LLE_ET,50879,50879,0.032273,0.0,0.176725,0.031232,0.0,0.0,0.0,0.0,0.0,1.0,0.0,5.293486,26.022017,1642,3.2273,0,True,True,,,
ALI,50879,50879,0.032587,0.0,0.177555,0.031526,0.0,0.0,0.0,0.0,0.0,1.0,0.0,5.265196,25.723303,1658,3.2587,0,True,True,,,
A_ET,50879,50879,0.033157,0.0,0.179048,0.032058,0.0,0.0,0.0,0.0,0.0,1.0,0.0,5.214916,25.196343,1687,3.3157,0,True,True,,,
DB_ET,50879,50879,0.033668,0.0,0.180375,0.032535,0.0,0.0,0.0,0.0,0.0,1.0,0.0,5.170891,24.739083,1713,3.3668,0,True,True,,,
GACC_Uncont LF,50781,50781,2.639038,2.0,3.794929,14.401488,0.0,0.0,1.0,3.0,8.0,37.0,2.0,4.58817,28.829029,1631,3.2118,0,True,True,,,
RMPLI,50879,50879,0.044871,0.0,0.207023,0.042859,0.0,0.0,0.0,0.0,0.0,1.0,0.0,4.397061,17.334828,2283,4.4871,0,True,True,,,
TP_ET,50879,50879,0.048527,0.0,0.214879,0.046173,0.0,0.0,0.0,0.0,0.0,1.0,0.0,4.202282,15.659787,2469,4.8527,0,True,True,,,
GACC_New fire,50781,50781,63.387999,22.0,133.877077,17923.071765,0.0,3.0,13.0,41.0,336.0,1144.0,28.0,4.108804,18.606225,5494,10.819,0,True,True,,,
No_FireStation_1.0km,8121,8121,1.063293,1.0,0.253902,0.064466,1.0,1.0,1.0,1.0,2.0,4.0,0.0,4.098122,17.562373,494,6.083,0,True,True,,,
M_WTR_EOMI,50879,50879,0.051829,0.0,0.221684,0.049144,0.0,0.0,0.0,0.0,1.0,1.0,0.0,4.043501,14.350464,2637,5.1829,0,True,True,,,
WD_ET,50879,50879,0.051829,0.0,0.221684,0.049144,0.0,0.0,0.0,0.0,1.0,1.0,0.0,4.043501,14.350464,2637,5.1829,0,True,True,,,
NPL_ET,50879,50879,0.053185,0.0,0.224404,0.050357,0.0,0.0,0.0,0.0,1.0,1.0,0.0,3.982386,13.859944,2706,5.3185,0,True,True,,,
M_TRN_EOMI,50879,50879,0.053814,0.0,0.225652,0.050919,0.0,0.0,0.0,0.0,1.0,1.0,0.0,3.954787,13.640875,2738,5.3814,0,True,True,,,
HBLI,50879,50879,0.058472,0.0,0.234636,0.055054,0.0,0.0,0.0,0.0,1.0,1.0,0.0,3.763658,12.165602,2975,5.8472,0,True,True,,,
M_HSG,50879,50879,0.059573,0.0,0.236696,0.056025,0.0,0.0,0.0,0.0,1.0,1.0,0.0,3.721609,11.850838,3031,5.9573,0,True,True,,,
HB_ET,50879,50879,0.062678,0.0,0.242385,0.058751,0.0,0.0,0.0,0.0,1.0,1.0,0.0,3.608624,11.022602,3189,6.2678,0,True,True,,,
M_PLN,50879,50879,0.064349,0.0,0.245376,0.060209,0.0,0.0,0.0,0.0,1.0,1.0,0.0,3.551033,10.610253,3274,6.4349,0,True,True,,,
M_HSG_EOMI,50879,50879,0.065017,0.0,0.246558,0.060791,0.0,0.0,0.0,0.0,1.0,1.0,0.0,3.528578,10.451276,3308,6.5017,0,True,True,,,
RMP_ET,50879,50879,0.065351,0.0,0.247147,0.061082,0.0,0.0,0.0,0.0,1.0,1.0,0.0,3.517471,10.373013,3325,6.5351,0,True,True,,,
HDLI,50879,50879,0.065685,0.0,0.247734,0.061372,0.0,0.0,0.0,0.0,1.0,1.0,0.0,3.506443,10.29555,3342,6.5685,0,True,True,,,
pr_Normal,50881,50881,0.738141,0.24,1.322471,1.748931,0.0,0.0,0.06,0.75,3.38,13.34,0.69,3.478793,15.117711,3316,6.5172,0,True,True,,,
EBLI,50879,50879,0.073999,0.0,0.261772,0.068525,0.0,0.0,0.0,0.0,1.0,1.0,0.0,3.254876,8.594554,3765,7.3999,0,True,True,,,
EPL_ET,50879,50879,0.081645,0.0,0.273825,0.07498,0.0,0.0,0.0,0.0,1.0,1.0,0.0,3.055757,7.337937,4154,8.1645,0,True,True,,,
TRACT,50837,50837,87424.16425,10102.0,209882.812622,44050795034.09277,100.0,120.0,1301.0,42412.0,553901.0,990000.0,41111.0,3.050088,8.575168,6388,12.5657,0,True,True,,,
PLHSE,50879,50879,0.082293,0.0,0.274814,0.075523,0.0,0.0,0.0,0.0,1.0,1.0,0.0,3.040046,7.242162,4187,8.2293,0,True,True,,,
GACC_Type 2 IMTs,50781,50781,0.521258,0.0,0.97188,0.944551,0.0,0.0,0.0,1.0,3.0,13.0,1.0,3.033882,17.704224,356,0.701,0,True,True,,,
HD_ET,50879,50879,0.083099,0.0,0.276035,0.076195,0.0,0.0,0.0,0.0,1.0,1.0,0.0,3.02076,7.125271,4228,8.3099,0,True,True,,,
POV_ET,50879,50879,0.08475,0.0,0.278512,0.077569,0.0,0.0,0.0,0.0,1.0,1.0,0.0,2.982033,6.89279,4312,8.475,0,True,False,,,
LMILHSE,50879,50879,0.085025,0.0,0.278922,0.077797,0.0,0.0,0.0,0.0,1.0,1.0,0.0,2.975678,6.854929,4326,8.5025,0,True,False,,,
Popo_1km,50868,50868,4.312466,0.4004,7.936654,62.99047,0.0,0.0,0.0183,5.1822,20.593925,117.625,5.1639,2.932009,13.268603,2516,4.9461,0,True,True,,,
TPF,50879,50879,4881.488866,4528.0,2885.508048,8326156.696832,0.0,1341.0,2966.0,6180.0,9515.0,38932.0,3214.0,2.871247,22.87138,384,0.7547,0,True,True,,,
EVT,50881,50881,7425.165641,7299.0,530.766294,281712.85849,7008.0,7028.0,7299.0,7299.0,9153.0,9829.0,0.0,2.843596,7.311086,18851,37.0492,0,True,True,,,
EALRLI,50879,50879,0.091963,0.0,0.288977,0.083508,0.0,0.0,0.0,0.0,1.0,1.0,0.0,2.82412,5.975887,4679,9.1963,0,True,False,,,
GAP_Sts,50880,50880,3.739171,4.0,0.635987,0.40448,1.0,2.0,4.0,4.0,4.0,4.0,0.0,-2.808637,7.906661,9250,18.18,0,True,True,,,
LMI_ET,50879,50879,0.102557,0.0,0.303382,0.092041,0.0,0.0,0.0,0.0,1.0,1.0,0.0,2.620182,4.865544,5218,10.2557,0,True,False,,,
EB_ET,50879,50879,0.106586,0.0,0.308589,0.095227,0.0,0.0,0.0,0.0,1.0,1.0,0.0,2.549855,4.501939,5423,10.6586,0,True,False,,,
GACC_Type 1 IMTs,50781,50781,0.570331,0.0,1.03972,1.081017,0.0,0.0,0.0,1.0,3.0,7.0,1.0,2.513236,7.602575,620,1.2209,0,True,True,,,
rpms,50881,50881,518.734675,0.0,1109.988523,1232074.520285,0.0,0.0,0.0,482.0,3313.0,5565.0,482.0,2.433292,5.363298,5406,10.6248,0,True,False,,,
M_PLN_EOMI,50879,50879,0.115588,0.0,0.319733,0.102229,0.0,0.0,0.0,0.0,1.0,1.0,0.0,2.404674,3.782604,5881,11.5588,0,True,False,,,
LILHSE,50879,50879,0.120718,0.0,0.325802,0.106147,0.0,0.0,0.0,0.0,1.0,1.0,0.0,2.328389,3.421529,6142,12.0718,0,True,False,,,
No_FireStation_10.0km,48447,48447,15.846657,11.0,16.775097,281.403869,1.0,1.0,5.0,20.0,49.0,120.0,15.0,2.323049,6.91749,1087,2.2437,0,True,False,,,
M_HLTH,50879,50879,0.122349,0.0,0.327692,0.107382,0.0,0.0,0.0,0.0,1.0,1.0,0.0,2.305006,3.313182,6225,12.2349,0,True,False,,,
LISO_ET,50879,50879,0.122742,0.0,0.328144,0.107679,0.0,0.0,0.0,0.0,1.0,1.0,0.0,2.299432,3.287514,6245,12.2742,0,True,False,,,
EBLRLI,50879,50879,0.12341,0.0,0.328911,0.108182,0.0,0.0,0.0,0.0,1.0,1.0,0.0,2.290008,3.244263,6279,12.341,0,True,False,,,
LOCAL_FIRE_REPORT_ID,12406,12406,70901.495164,68.0,182249.248265,33214788492.979538,1.0,6.0,28.0,734.5,555886.75,600489.0,706.5,2.233776,3.024953,2546,20.5223,0,True,False,,,
TRI,50881,50881,8.58223,4.123,10.948746,119.875034,0.0,0.0,1.732,11.446,32.342,146.792,9.714,2.212377,6.371972,1235,2.4272,0,True,False,,,
No_FireStation_5.0km,38805,38805,3.93756,3.0,3.523127,12.412424,1.0,1.0,1.0,5.0,11.0,41.0,4.0,2.207854,7.91872,243,0.6262,0,True,True,,,
PM25LI,50879,50879,0.140647,0.0,0.347661,0.120868,0.0,0.0,0.0,0.0,1.0,1.0,0.0,2.06734,2.273986,7156,14.0647,0,True,False,,,
No_FireStation_20.0km,50703,50703,60.487585,40.0,59.709003,3565.165042,1.0,7.0,20.0,78.0,178.0,393.0,58.0,2.063056,5.440576,915,1.8046,0,True,False,,,
Aridity_index,50881,50881,0.331502,0.23,0.300976,0.090586,0.01,0.06,0.13,0.44,0.96,3.48,0.31,2.061736,6.212057,596,1.1714,0,True,False,,,
M_HLTH_102,50879,50879,0.144677,0.0,0.351778,0.123748,0.0,0.0,0.0,0.0,1.0,1.0,0.0,2.020237,2.081439,7361,14.4677,0,True,False,,,
TC,50879,50879,1.231038,0.0,2.009388,4.037642,0.0,0.0,0.0,2.0,5.0,14.0,2.0,2.008851,4.431048,501,0.9847,0,True,False,,,
